"rank","region","point","lat","lng","timestamp","score","legacy_score","weighted_before_hard","grade","hard_safety","hard_label","hard_reason","wave","swell","wind","current","visibility","wave_factor","wind_factor","swell_factor","exposure","shelter","direction"
"1","영덕","대부방파제","36.3997932796626","129.420643515254","2026-08-14T10:00","68","67","68","보통","False",,"","0.78","0.78","0.54","0.2","55","0.975","0.883","0.975","medium","high","E"
"2","영덕","대탄방파제","36.4321323663723","129.435026781348","2026-08-14T10:00","68","67","68","보통","False",,"","0.78","0.78","0.95","0.2","55","0.975","0.85","0.975","medium","high","E"
"3","영덕","바다마루민박 ( 오메 방파제)","36.4734609469429","129.434208640744","2026-08-14T10:00","68","67","68","보통","False",,"","0.78","0.78","0.95","0.2","55","0.975","0.85","0.975","medium","high","E"
"4","영덕","석동방파제","36.466398866893","129.437130355974","2026-08-14T10:00","68","67","68","보통","False",,"","0.78","0.78","0.95","0.2","55","0.975","0.85","0.975","medium","high","E"
"5","영덕","축산항 인근","36.5122826188956","129.444284644974","2026-08-14T10:00","67","67","67","보통","False",,"","0.78","0.78","1.46","0.3","55","1.012","0.85","1.012","medium","high","NE"
"6","영덕","씨포트리조트 비밀해변","36.5006777677263","129.445873823156","2026-08-14T10:00","66","67","66","보통","False",,"","0.78","0.78","1.46","0.3","55","1.06","0.92","1.06","medium","medium","E"
"7","영덕","BTS 밥대술 민박","36.4889677532808","129.444682558071","2026-08-14T10:00","64","67","64","보통","False",,"","0.78","0.78","1.46","0.2","55","1.145","1.063","1.2","high","medium","E"
"8","영덕","대진스쿠버 앞","36.5636235083139","129.430291997022","2026-08-14T10:00","64","67","64","보통","False",,"","0.78","0.78","1.71","0.3","55","1.145","1.063","1.2","high","medium","E"
"9","영덕","덕신민박 앞","36.5385886460894","129.439479043291","2026-08-14T10:00","64","67","64","보통","False",,"","0.78","0.78","1.71","0.3","55","1.145","1.063","1.2","high","medium","E"
"10","영덕","사진리 151","36.5453167687301","129.439341640324","2026-08-14T10:00","64","67","64","보통","False",,"","0.78","0.78","1.71","0.3","55","1.145","1.063","1.2","high","medium","E"
"11","영덕","해양체험관 아래","36.4171724556126","129.431271061844","2026-08-14T10:00","64","67","64","보통","False",,"","0.78","0.78","0.54","0.2","55","1.145","1.109","1.2","high","medium","E"
"12","영덕","경정해수욕장","36.4792480987331","129.433718996956","2026-08-14T10:00","63","67","63","보통","False",,"","0.78","0.78","1.46","0.2","55","1.2","1.127","1.2","high","low","E"
"13","영덕","대탄해변","36.4371709632081","129.433362666985","2026-08-14T10:00","63","67","63","보통","False",,"","0.78","0.78","0.95","0.2","55","1.2","1.127","1.2","high","low","E"
"14","영덕","오보해수욕장","36.4407873360234","129.433072835439","2026-08-14T10:00","63","67","63","보통","False",,"","0.78","0.78","0.95","0.2","55","1.2","1.127","1.2","high","low","E"
"15","영덕","창포리 해맞이공원","36.4111968859923","129.430062071215","2026-08-14T10:00","63","67","63","보통","False",,"","0.78","0.78","0.54","0.2","55","1.2","1.176","1.2","high","low","E"
"16","영덕","구계항 방파제","36.3172112701148","129.379594590941","2026-08-14T10:00","59","58","59","보통","False",,"","0.82","0.82","0.92","0.3","55","0.975","0.975","0.975","medium","high","E"
"17","울진","구산해수욕장","36.7531031887748","129.468877994265","2026-08-14T10:00","52","58","52","보통","False",,"","0.84","0.82","1.5","0.2","55","1.2","1.176","1.2","high","low","E"
"18","울진","대나리방파제","37.0047793592251","129.417851029511","2026-08-14T10:00","51","50","51","보통","False",,"","0.86","0.86","0.36","0.5","47","0.975","0.975","0.975","medium","high","E"
"19","울진","봉수항","37.0644588177974","129.426170702789","2026-08-14T10:00","51","50","51","보통","False",,"","0.86","0.86","0.14","0.5","47","0.975","0.975","0.975","medium","high","E"
"20","울진","황금대게공원","36.6998538172634","129.476374809659","2026-08-14T10:00","49","55","49","나쁨","False",,"","1","0.98","2.33","0.3","55","1.2","1.176","1.2","high","low","E"
"21","울진","나곡1리 어촌체험마을","37.1139189238989","129.376369458778","2026-08-14T10:00","48","50","48","나쁨","False",,"","0.86","0.86","0.54","0.5","47","1.06","1","1.06","medium","medium","E"
"22","울진","연지해변","36.9958568190774","129.417385849789","2026-08-14T10:00","48","50","48","나쁨","False",,"","0.86","0.86","0.36","0.4","47","1.06","1.06","1.06","medium","medium","E"
"23","울진","하트해변","37.0597664010359","129.42788149368","2026-08-14T10:00","47","50","47","나쁨","False",,"","0.86","0.86","0.14","0.5","47","1.1","1.1","1.1","medium","medium","NE"
"24","울진","산포리","36.9435020502448","129.420755111237","2026-08-14T10:00","45","50","45","나쁨","False",,"","0.86","0.86","0.14","0.4","47","1.145","1.109","1.2","high","medium","E"
"25","울진","망양정해수욕장","36.9690135790861","129.413559651719","2026-08-14T10:00","44","50","44","나쁨","False",,"","0.86","0.86","0.14","0.4","47","1.2","1.176","1.2","high","low","E"
"26","울진","망양휴게소 포인트","36.8740538160233","129.421701577356","2026-08-14T10:00","44","52","44","나쁨","False",,"","0.84","0.82","0.14",,"55","1.2","1.176","1.2","high","low","E"
"27","울진","진복리 해변","36.9283697796623","129.418211581437","2026-08-14T10:00","44","50","44","나쁨","False",,"","0.86","0.86","0.14","0.4","47","1.2","1.176","1.2","high","low","E"
"28","삼척","비화항","37.2152817364663","129.345902046906","2026-08-14T10:00","41","41","41","나쁨","False",,"","1.12","0.86","3.61","0.4","55","1.012","0.92","1.012","medium","high","NE"
"29","울진","나곡해수욕장","37.1265253793637","129.372203080804","2026-08-14T10:00","41","42","41","나쁨","False",,"","1.12","0.86","0.72","0.4","47","1","0.92","1.06","medium","medium","E"
"30","삼척","신남해변","37.2641682683252","129.327879990431","2026-08-14T10:00","40","41","40","나쁨","False",,"","1.14","0.9","3.47","0.4","55","1.06","0.96","1.06","medium","medium","E"
"31","삼척","오분해변","37.4247633549319","129.192710238674","2026-08-14T10:00","38","42","38","나쁨","True","나쁨","wave>=1.2","1.2","0.96","4.83","0.2","45","1.145","1.176","1.2","high","low","E"
"32","삼척","갈남항","37.2813158668178","129.324496343151","2026-08-14T10:00","37","35","37","나쁨","False",,"","1.14","0.9","5.45","0.4","45","0.975","0.883","0.975","medium","high","E"
"33","삼척","궁촌항","37.3282260356847","129.269997471375","2026-08-14T10:00","37","35","37","나쁨","False",,"","1.14","0.9","5.23","0.4","45","0.975","0.883","0.975","medium","high","E"
"34","삼척","장호항","37.2890001092673","129.317490175579","2026-08-14T10:00","37","35","37","나쁨","False",,"","1.14","0.9","5.45","0.4","45","0.975","0.883","0.975","medium","high","E"
"35","삼척","용화해변","37.2899788964184","129.306761053814","2026-08-14T10:00","34","35","34","나쁨","False",,"","1.14","0.9","5.45","0.4","45","1.06","0.96","1.06","medium","medium","E"
"36","삼척","초곡항·문암해변","37.3098619433545","129.290867582479","2026-08-14T10:00","34","35","34","나쁨","False",,"","1.14","0.9","5.45","0.4","45","1.06","0.96","1.06","medium","medium","E"
"37","삼척","선창해변","37.4263456561431","129.19233564155","2026-08-14T10:00","34","39","34","나쁨","True","나쁨","wave>=1.2","1.2","0.96","6.88","0.2","45","1.145","1.176","1.2","high","low","E"
"38","강릉","안목해변","37.7729853522053","128.94924202064","2026-08-14T10:00","32","35","32","나쁨","False",,"","1.18","0.94","5.72","0.5","45","1.145","1.127","1.2","high","low","E"
"39","삼척","대진항","37.3494717062655","129.260394257417","2026-08-14T10:00","32","30","32","나쁨","False",,"","1.14","0.9","5.23","0.6","45","0.975","0.883","0.975","medium","high","E"
"40","삼척","패밀리아팬션 앞","37.2819709213581","129.321242879537","2026-08-14T10:00","32","35","32","나쁨","False",,"","1.14","0.9","5.45","0.4","45","1.145","1.109","1.2","high","medium","E"
"41","강릉","순포해변","37.8216967200687","128.889340970768","2026-08-14T10:00","29","33","29","매우 나쁨","True","나쁨","swell>=1.0","1.18","1.04","5.78","0.5","25","1.2","1.127","1.2","high","low","E"
"42","삼척","원평해수욕장","37.3171931739094","129.276664180598","2026-08-14T10:00","28","32","28","매우 나쁨","False",,"","1.14","0.9","7.64","0.4","45","1.2","1.176","1.2","high","low","E"
"43","고성","가진해변","38.373191067146","128.509633744093","2026-08-14T10:00","28","29","28","매우 나쁨","True","나쁨","wave>=1.2, swell>=1.0","1.42","1.14","6.19","0.4","17","1.06","0.96","1.1","medium","medium","E"
"44","강릉","심곡항","37.6645985087728","129.054947803353","2026-08-14T10:00","27","29","27","매우 나쁨","True","나쁨","wind>=8","1.18","0.94","8.04","0.4","45","1.1","1","1.1","medium","medium","NE"
"45","강릉","금진 옥계 해변","37.6289009310514","129.050662425201","2026-08-14T10:00","26","29","26","매우 나쁨","True","나쁨","wave>=1.2, wind>=8","1.2","0.92","8.04","0.4","45","1.145","1.127","1.2","high","low","E"
"46","강릉","사천진 바위섬","37.8408585535528","128.877587380548","2026-08-14T10:00","25","29","25","매우 나쁨","True","나쁨","swell>=1.0","1.18","1.04","7.71","0.5","17","1.2","1.176","1.2","high","low","E"
"47","삼척","맹방해수욕장","37.3892440778943","129.236583909239","2026-08-14T10:00","23","27","23","매우 나쁨","False",,"","1.14","0.9","7.43","0.6","45","1.2","1.176","1.2","high","low","E"
"48","강릉","강문해변","37.7954069393979","128.919356186753","2026-08-14T10:00","23","25","23","매우 나쁨","True","나쁨","wave>=1.2, swell>=1.0, wind>=8","1.26","1.06","8.56","0.5","17","1.2","1.176","1.2","high","low","E"
"49","강릉","사근진해변주차장","37.808","128.909","2026-08-14T10:00","23","25","23","매우 나쁨","True","나쁨","swell>=1.0, wind>=8","1.18","1.04","8.56","0.5","17","1.2","1.176","1.2","high","low","E"
"50","강릉","소돌아들바위공원","37.9055545616068","128.830663974575","2026-08-14T10:00","20","19","20","매우 나쁨","True","입수 비추천","current>=1.0","1.18","1.04","6.65","1","17","1","0.92","1","medium","medium","SE"
"51","고성","백섬해상전망대","38.4507935625771","128.467708061273","2026-08-14T10:00","20","24","20","매우 나쁨","True","나쁨","wave>=1.2, swell>=1.0","1.44","1.28","6.45","0.6","17","1.2","1.176","1.2","high","low","E"
"52","강릉","소돌방파제","37.9027557731503","128.830918630599","2026-08-14T10:00","19","19","19","매우 나쁨","True","입수 비추천","current>=1.0","1.18","1.04","6.65","1","17","1.06","0.96","1.06","medium","medium","E"
"53","강릉","영진해변","37.8693536507163","128.846296158485","2026-08-14T10:00","15","19","15","매우 나쁨","True","입수 비추천","current>=1.0","1.18","1.04","7.71","1","17","1.2","1.176","1.2","high","low","E"
